{ "descriptionShort": "Gelado09110's resourcepack", "id": "usersprites", "owner": "local", "name": "usersprites", "updated": 1718579008.0, "stars": 0.0, "hasIcon": 0.0, "full_name": "local\/usersprites", "created": 1718579008.0, "installtime": 0.0, "active": true, "description": "No extra information were specified. This is a template file generated by the game.", "priority": 0.0, "loaded": true, "external": true, "path": "\/sdcard\/games\/com.toncho.nuclearthrone\/files\/resourcepacks\/usersprites\/", "promoted": false }